{"cameraMode":{"drawMode":0,"name":"Shaded","section":"Shading Mode"},"sceneLighting":false,"audioPlay":false,"sceneViewState":{"showFog":true,"showMaterialUpdate":false,"showSkybox":false,"showFlares":true,"showImageEffects":true,"showParticleSystems":true},"in2DMode":false,"pivot":{"x":3.8450889587402345,"y":3.2035436630249025,"z":-7.920737266540527},"rotation":{"x":-0.12644436955451966,"y":0.31607678532600405,"z":-0.04254854470491409,"w":-0.939309298992157},"size":22.0,"orthographic":false}