{"cameraMode":{"drawMode":0,"name":"Shaded","section":"Shading Mode"},"sceneLighting":false,"audioPlay":false,"sceneViewState":{"showFog":true,"showMaterialUpdate":false,"showSkybox":false,"showFlares":true,"showImageEffects":true,"showParticleSystems":true},"in2DMode":false,"pivot":{"x":-109.96183013916016,"y":-42.78818130493164,"z":-170.182861328125},"rotation":{"x":-0.09926963597536087,"y":0.7656118869781494,"z":-0.12183405458927155,"w":-0.6238188743591309},"size":359.9293212890625,"orthographic":false}