{"cameraMode":{"drawMode":0,"name":"Shaded","section":"Shading Mode"},"sceneLighting":true,"audioPlay":false,"sceneViewState":{"showFog":true,"showMaterialUpdate":true,"showSkybox":true,"showFlares":true,"showImageEffects":true,"showParticleSystems":true},"in2DMode":false,"pivot":{"x":9.29524040222168,"y":12.351228713989258,"z":-5.955924987792969},"rotation":{"x":-0.0006015538237988949,"y":-0.07792439311742783,"z":-0.000029481210731319152,"w":0.9969770908355713},"size":37.92131805419922,"orthographic":false}